<?xml version="1.0"?>

<changelog xmlns="http://www.red-bean.com/xmlns/cvs2cl/">

<entry>
<date>2006-05-26</date>
<weekday>Friday</weekday>
<time>07:47</time>
<isoDate>2006-05-26T05:47:35Z</isoDate>
<author>xmldoc</author>
<file>
<name>Makefile</name>
<cvsstate>Exp</cvsstate>
<revision>1.25</revision>
</file>
<msg>Merged Makefile from build branch into trunk.</msg>
</entry>

<entry>
<date>2006-05-24</date>
<weekday>Wednesday</weekday>
<time>16:39</time>
<isoDate>2006-05-24T14:39:48Z</isoDate>
<author>nwalsh</author>
<file>
<name>Makefile</name>
<cvsstate>Exp</cvsstate>
<revision>1.24</revision>
</file>
<file>
<name>RELEASE-NOTES.xml</name>
<cvsstate>Exp</cvsstate>
<revision>1.51</revision>
</file>
<file>
<name>docsrc/release-notes-fo.xsl</name>
<cvsstate>Exp</cvsstate>
<revision>1.1</revision>
</file>
<file>
<name>docsrc/release-notes.xsl</name>
<cvsstate>Exp</cvsstate>
<revision>1.6</revision>
</file>
<file>
<name>docsrc/tdg-link.xsl</name>
<cvsstate>Exp</cvsstate>
<revision>1.4</revision>
</file>
<msg>Tweaked RELEASE-NOTES to make them valid DocBook V5.0</msg>
</entry>

<entry>
<date>2006-05-21</date>
<weekday>Sunday</weekday>
<time>17:05</time>
<isoDate>2006-05-21T15:05:10Z</isoDate>
<author>kosek</author>
<file>
<name>htmlhelp/htmlhelp-common.xsl</name>
<cvsstate>Exp</cvsstate>
<revision>1.38</revision>
</file>
<msg>htmlhelp.generate.index is now param, not variable. This means that you can override its setting from outside. This is useful when you generate indexterms on the fly (see http://www.xml.com/pub/a/2004/07/14/dbndx.html?page=3).</msg>
</entry>

<entry>
<date>2006-05-21</date>
<weekday>Sunday</weekday>
<time>15:05</time>
<isoDate>2006-05-21T13:05:19Z</isoDate>
<author>kosek</author>
<file>
<name>fo/block.xsl</name>
<cvsstate>Exp</cvsstate>
<revision>1.34</revision>
</file>
<file>
<name>fo/param.ent</name>
<cvsstate>Exp</cvsstate>
<revision>1.101</revision>
</file>
<file>
<name>fo/param.xweb</name>
<cvsstate>Exp</cvsstate>
<revision>1.114</revision>
</file>
<file>
<name>fo/titlepage.xsl</name>
<cvsstate>Exp</cvsstate>
<revision>1.41</revision>
</file>
<file>
<name>params/revhistory.table.cell.properties.xml</name>
<cvsstate>Exp</cvsstate>
<revision>1.1</revision>
</file>
<file>
<name>params/revhistory.table.properties.xml</name>
<cvsstate>Exp</cvsstate>
<revision>1.1</revision>
</file>
<file>
<name>params/revhistory.title.properties.xml</name>
<cvsstate>Exp</cvsstate>
<revision>1.1</revision>
</file>
<msg>Added three new attribute sets (revhistory.title.properties, revhistory.table.properties and revhistory.table.cell.properties) for controlling appearance of revhistory in FO output.</msg>
</entry>

<entry>
<date>2006-05-21</date>
<weekday>Sunday</weekday>
<time>14:47</time>
<isoDate>2006-05-21T12:47:25Z</isoDate>
<author>kosek</author>
<file>
<name>fo/block.xsl</name>
<cvsstate>Exp</cvsstate>
<revision>1.33</revision>
</file>
<file>
<name>fo/titlepage.xsl</name>
<cvsstate>Exp</cvsstate>
<revision>1.40</revision>
</file>
<commondir>fo/</commondir>
<msg>Support DBv5 revisions with full author name (not only authorinitials)</msg>
</entry>

<entry>
<date>2006-05-21</date>
<weekday>Sunday</weekday>
<time>14:25</time>
<isoDate>2006-05-21T12:25:21Z</isoDate>
<author>kosek</author>
<file>
<name>html/block.xsl</name>
<cvsstate>Exp</cvsstate>
<revision>1.23</revision>
</file>
<file>
<name>html/titlepage.xsl</name>
<cvsstate>Exp</cvsstate>
<revision>1.34</revision>
</file>
<commondir>html/</commondir>
<msg>Support DBv5 revisions with full author name (not only authorinitials)</msg>
</entry>

<entry>
<date>2006-05-18</date>
<weekday>Thursday</weekday>
<time>09:31</time>
<isoDate>2006-05-18T07:31:44Z</isoDate>
<author>bobstayton</author>
<file>
<name>RELEASE-NOTES.xml</name>
<cvsstate>Exp</cvsstate>
<revision>1.50</revision>
</file>
<msg>added a few items to the list of new features.</msg>
</entry>

<entry>
<date>2006-05-17</date>
<weekday>Wednesday</weekday>
<time>11:57</time>
<isoDate>2006-05-17T09:57:59Z</isoDate>
<author>kosek</author>
<file>
<name>htmlhelp/htmlhelp-common.xsl</name>
<cvsstate>Exp</cvsstate>
<revision>1.37</revision>
</file>
<msg>Support chunk.tocs.and.lots in HTML Help</msg>
</entry>

</changelog>
