<?xml version="1.0" encoding="utf-8"?>
<article>
<title>Changes since the 1.70.0 release</title>
<sect1 xml:id="V1700">
<title>Release: 1.70.0</title>
<para>The following is a list of changes that have been made
        since the 1.70.0 release.</para>

<sect2 xml:id="V1700_Common">
<title>Common</title>
<para>The following changes have been made to the
        <filename>common</filename> code
        since the 1.70.0 release.</para>
<itemizedlist>
</itemizedlist>
</sect2><!--end of Common changes for 1.70.0-->

<sect2 xml:id="V1700_Extensions">
<title>Extensions</title>
<para>The following changes have been made to the
        <filename>extensions</filename> code
        since the 1.70.0 release.</para>
<itemizedlist>
</itemizedlist>
</sect2><!--end of Extensions changes for 1.70.0-->

<sect2 xml:id="V1700_FO">
<title>FO</title>
<para>The following changes have been made to the
        <filename>fo</filename> code
        since the 1.70.0 release.</para>
<itemizedlist>
<listitem>
<para><phrase role="commit-message">Added three new attribute sets (<tag>revhistory</tag>.<tag>title</tag>.properties, <tag>revhistory</tag>.<tag>table</tag>.properties and <tag>revhistory</tag>.<tag>table</tag>.cell.properties) for controlling appearance of <tag>revhistory</tag> in FO output.<alt>fo/block.xsl,1.34; fo/param.ent,1.101; fo/param.xweb,1.114; fo/titlepage.xsl,1.41; params/revhistory.table.cell.properties.xml,1.1; params/revhistory.table.properties.xml,1.1; params/revhistory.title.properties.xml,1.1 - Jirka Kosek</alt></phrase></para>
</listitem>
<listitem>
<para><phrase role="commit-message">Support DBv5 revisions with full <tag>author</tag> name (not only <tag>authorinitials</tag>)<alt>fo/block.xsl,1.33; fo/titlepage.xsl,1.40 - Jirka Kosek</alt></phrase></para>
</listitem>
</itemizedlist>
</sect2><!--end of FO changes for 1.70.0-->

<sect2 xml:id="V1700_HTML">
<title>HTML</title>
<para>The following changes have been made to the
        <filename>html</filename> code
        since the 1.70.0 release.</para>
<itemizedlist>
<listitem>
<para><phrase role="commit-message">Support DBv5 revisions with full <tag>author</tag> name (not only <tag>authorinitials</tag>)<alt>html/block.xsl,1.23; html/titlepage.xsl,1.34 - Jirka Kosek</alt></phrase></para>
</listitem>
</itemizedlist>
</sect2><!--end of HTML changes for 1.70.0-->

<sect2 xml:id="V1700_HTMLHelp">
<title>HTMLHelp</title>
<para>The following changes have been made to the
        <filename>htmlhelp</filename> code
        since the 1.70.0 release.</para>
<itemizedlist>
<listitem>
<para><phrase role="commit-message">htmlhelp.<parameter>generate.index</parameter> is now param, not variable. This means that you can override its setting from outside. This is useful when you generate indexterms on the fly (<tag>see</tag> http://www.xml.com/pub/a/2004/07/14/dbndx.html?page=3).<alt>htmlhelp/htmlhelp-common.xsl,1.38 - Jirka Kosek</alt></phrase></para>
</listitem>
<listitem>
<para><phrase role="commit-message">Support <parameter>chunk.tocs.and.lots</parameter> in HTML Help<alt>htmlhelp/htmlhelp-common.xsl,1.37 - Jirka Kosek</alt></phrase></para>
</listitem>
</itemizedlist>
</sect2><!--end of HTMLHelp changes for 1.70.0-->

<sect2 xml:id="V1700_Lib">
<title>Lib</title>
<para>The following changes have been made to the
        <filename>lib</filename> code
        since the 1.70.0 release.</para>
<itemizedlist>
</itemizedlist>
</sect2><!--end of Lib changes for 1.70.0-->

<sect2 xml:id="V1700_Manpages">
<title>Manpages</title>
<para>The following changes have been made to the
        <filename>manpages</filename> code
        since the 1.70.0 release.</para>
<itemizedlist>
</itemizedlist>
</sect2><!--end of Manpages changes for 1.70.0-->

<sect2 xml:id="V1700_Params">
<title>Params</title>
<para>The following changes have been made to the
        <filename>params</filename> code
        since the 1.70.0 release.</para>
<itemizedlist>
<listitem>
<para><phrase role="commit-message">Added three new attribute sets (<tag>revhistory</tag>.<tag>title</tag>.properties, <tag>revhistory</tag>.<tag>table</tag>.properties and <tag>revhistory</tag>.<tag>table</tag>.cell.properties) for controlling appearance of <tag>revhistory</tag> in FO output.<alt>fo/block.xsl,1.34; fo/param.ent,1.101; fo/param.xweb,1.114; fo/titlepage.xsl,1.41; params/revhistory.table.cell.properties.xml,1.1; params/revhistory.table.properties.xml,1.1; params/revhistory.title.properties.xml,1.1 - Jirka Kosek</alt></phrase></para>
</listitem>
</itemizedlist>
</sect2><!--end of Params changes for 1.70.0-->

<sect2 xml:id="V1700_Profiling">
<title>Profiling</title>
<para>The following changes have been made to the
        <filename>profiling</filename> code
        since the 1.70.0 release.</para>
<itemizedlist>
</itemizedlist>
</sect2><!--end of Profiling changes for 1.70.0-->

<sect2 xml:id="V1700_Template">
<title>Template</title>
<para>The following changes have been made to the
        <filename>template</filename> code
        since the 1.70.0 release.</para>
<itemizedlist>
</itemizedlist>
</sect2><!--end of Template changes for 1.70.0-->

<sect2 xml:id="V1700_Tools">
<title>Tools</title>
<para>The following changes have been made to the
        <filename>tools</filename> code
        since the 1.70.0 release.</para>
<itemizedlist>
</itemizedlist>
</sect2><!--end of Tools changes for 1.70.0-->

<sect2 xml:id="V1700_WordML">
<title>WordML</title>
<para>The following changes have been made to the
        <filename>wordml</filename> code
        since the 1.70.0 release.</para>
<itemizedlist>
</itemizedlist>
</sect2><!--end of WordML changes for 1.70.0-->

</sect1>
</article>