<refentry xmlns="http://docbook.org/ns/docbook"
          xmlns:xlink="http://www.w3.org/1999/xlink"
          xmlns:xi="http://www.w3.org/2001/XInclude"
          xmlns:src="http://nwalsh.com/xmlns/litprog/fragment"
          xmlns:xsl="http://www.w3.org/1999/XSL/Transform"
          version="5.0" xml:id="saxon.character.representation">
<refmeta>
<refentrytitle>saxon.character.representation</refentrytitle>
<refmiscinfo class="other" otherclass="datatype">string</refmiscinfo>
</refmeta>
<refnamediv>
<refname>saxon.character.representation</refname>
<refpurpose>Saxon character representation used in generated HTML pages</refpurpose>
</refnamediv>

<refsynopsisdiv>
  <src:fragment xml:id="saxon.character.representation.frag"><xsl:param name="saxon.character.representation" select="'entity;decimal'"/></src:fragment>
</refsynopsisdiv>

<refsection><info><title>Description</title></info>

<para>This parameter has effect only when Saxon 6 is used (version 6.4.2 or later). 
It sets the character representation in files generated by the chunking stylesheets. 
If you want to suppress entity references for characters with direct representations in 
<parameter>chunker.output.encoding</parameter>, set the parameter value to <literal>native</literal>. 
</para>

<note>
<para>This parameter is documented here, but the declaration is actually
in the <filename>chunker.xsl</filename> stylesheet module.</para>
</note>

</refsection>
</refentry>
