<refentry xmlns="http://docbook.org/ns/docbook"
          xmlns:xlink="http://www.w3.org/1999/xlink"
          xmlns:xi="http://www.w3.org/2001/XInclude"
          xmlns:src="http://nwalsh.com/xmlns/litprog/fragment"
          xmlns:xsl="http://www.w3.org/1999/XSL/Transform"
          version="5.0" xml:id="ulink.show">
<refmeta>
<refentrytitle>ulink.show</refentrytitle>
<refmiscinfo class="other" otherclass="datatype">boolean</refmiscinfo>
</refmeta>
<refnamediv>
<refname>ulink.show</refname>
<refpurpose>Display URLs after <tag>ulink</tag>s?</refpurpose>
</refnamediv>

<refsynopsisdiv>
<src:fragment xml:id="ulink.show.frag">
<xsl:param name="ulink.show" select="1"/>
</src:fragment>
</refsynopsisdiv>

<refsection><info><title>Description</title></info>

<para>If non-zero, the URL of each <tag>ulink</tag> will
appear after the text of the link. If the text of the link and the URL
are identical, the URL is suppressed.</para>

</refsection>
</refentry>
