<refentry xmlns="http://docbook.org/ns/docbook"
          xmlns:xlink="http://www.w3.org/1999/xlink"
          xmlns:xi="http://www.w3.org/2001/XInclude"
          xmlns:src="http://nwalsh.com/xmlns/litprog/fragment"
          xmlns:xsl="http://www.w3.org/1999/XSL/Transform"
          version="5.0" xml:id="tex.math.delims">
<refmeta>
<refentrytitle>tex.math.delims</refentrytitle>
<refmiscinfo class="other" otherclass="datatype">boolean</refmiscinfo>
</refmeta>
<refnamediv>
<refname>tex.math.delims</refname>
<refpurpose>Should equations output for processing by TeX be
surrounded by math mode delimiters?</refpurpose>
</refnamediv> 

<refsynopsisdiv>
<src:fragment xml:id="tex.math.delims.frag">
<xsl:param name="tex.math.delims" select="1"/>
</src:fragment>
</refsynopsisdiv>

<refsection><info><title>Description</title></info>

<para>For compatibility with DSSSL based DBTeXMath from Allin Cottrell
you should set this parameter to 0.</para>

</refsection>
<refsection><info><title>Related Parameters</title></info>
  <para><parameter>tex.math.in.alt</parameter>,
    <parameter>passivetex.extensions</parameter></para>
</refsection>

<refsection><info><title>See Also</title></info>
  <para>You can also use the <tag
      class="xmlpi">dbtex delims</tag> processing
    instruction to control whether delimiters are output.</para>
</refsection>
<refsection><info><title>More information</title></info>
  <para>For how-to documentation on embedding TeX equations and
    generating output from them, see
    <link
      role="tcg"
      xlink:href="TexMath.html"
      >DBTeXMath</link>.</para>
</refsection>
</refentry>
